BG,stat,sys
2.184789E+02,6.710525E+00,2.477584E+01
5.317693E+01,3.310651E+00,6.030345E+00
2.122955E+01,2.091810E+00,2.407463E+00
2.679458E+00,7.431479E-01,3.038546E-01
1.236673E+00,5.048696E-01,1.402406E-01
4.122243E-01,2.914866E-01,4.674686E-02
