BG,stat,sys
2.443771E+02,7.588765E+00,2.633296E+01
6.551286E+01,3.929200E+00,7.059366E+00
2.262315E+01,2.308965E+00,2.437767E+00
4.241840E+00,9.998112E-01,4.570813E-01
1.413947E+00,5.772413E-01,1.523604E-01
2.356578E-01,2.356578E-01,2.539340E-02
