Data,stat
2.690000E+02,1.640122E+01
5.700000E+01,7.549834E+00
2.300000E+01,4.795832E+00
1.000000E+00,1.000000E+00
1.000000E+00,1.000000E+00
1.000000E+00,1.000000E+00
