Data,stat
2.690000E+02,1.640122E+01
6.300000E+01,7.937254E+00
1.900000E+01,4.358899E+00
1.000000E+00,1.000000E+00
1.000000E+00,1.000000E+00
1.000000E+00,1.000000E+00
