Signal,stat
9.843531E+00,9.179140E-01
1.112747E+01,9.759436E-01
1.729037E+01,1.216547E+00
1.883110E+01,1.269593E+00
1.703359E+01,1.207479E+00
1.951587E+01,1.292470E+00
