Signal,stat
3.117788E-01,4.059014E-02
2.008067E-01,3.257514E-02
1.902379E-01,3.170631E-02
8.983456E-02,2.178808E-02
2.113754E-02,1.056877E-02
2.642193E-02,1.181625E-02
